match_id,country,opposition,runs,wickets,over,rpo,target,inns,result
3315,PAK,IND,250,10,48.3,5.15,,1,1
3315,IND,PAK,165,10,48.0,3.43,251,2,0
3316,PAK,IND,157,10,48.5,3.21,168,2,0
3316,IND,PAK,167,10,43.4,3.82,,1,1
3317,SLK,AUS,198,10,40.0,4.95,306,2,0
3317,AUS,SLK,305,5,50.0,6.1,,1,1
3318,IND,ENG,316,9,50.0,6.32,326,2,0
3318,ENG,IND,325,4,50.0,6.5,,1,1
3319,SLK,AUS,172,2,40.1,4.28,171,2,1
3319,AUS,SLK,170,10,46.5,3.62,,1,0
3320,IND,ENG,285,6,50.0,5.7,,1,1
3320,ENG,IND,158,10,36.0,4.38,286,2,0
3321,SLK,AUS,75,6,20.0,3.75,75,2,1
3321,AUS,SLK,74,10,26.4,2.77,,1,0
3322,IND,ENG,157,3,28.1,5.57,156,2,1
3322,ENG,IND,155,10,42.2,3.66,,1,0
3323,SOA,NZL,208,10,46.2,4.48,,1,0
3323,NZL,SOA,209,9,45.4,4.57,209,2,1
3325,SOA,NZL,252,10,49.1,5.12,280,2,0
3325,NZL,SOA,279,8,50.0,5.58,,1,1
3326,SLK,AUS,215,10,48.3,4.43,248,2,0
3326,AUS,SLK,247,5,50.0,4.94,,1,1
3327,IND,ENG,258,5,47.3,5.43,258,2,1
3327,ENG,IND,257,7,50.0,5.14,,1,0
3328,SOA,NZL,264,9,50.0,5.28,261,2,1
3328,NZL,SOA,260,9,50.0,5.2,,1,0
3329,IND,ENG,226,10,49.4,4.55,,1,0
3329,ENG,IND,227,3,47.2,4.79,227,2,1
3330,WIN,AUS,70,10,23.5,2.93,,1,0
3330,AUS,WIN,71,1,9.2,7.6,71,2,1
3331,WIN,AUS,212,10,38.1,5.55,267,2,0
3331,AUS,WIN,266,7,50.0,5.32,,1,1
3332,WIN,AUS,290,10,47.3,6.1,330,2,0
3332,AUS,WIN,329,7,50.0,6.58,,1,1
3333,WIN,AUS,220,10,49.4,4.42,,1,0
3333,AUS,WIN,221,5,44.5,4.92,221,2,1
3334,WIN,AUS,257,10,49.5,5.15,275,2,0
3334,AUS,WIN,274,5,50.0,5.48,,1,1
3335,NZL,ENG,259,7,48.5,5.3,259,2,1
3335,ENG,NZL,258,10,49.3,5.21,,1,0
3336,NZL,ENG,269,10,48.5,5.5,,1,0
3336,ENG,NZL,270,2,47.4,5.66,270,2,1
3338,NZL,ENG,185,10,43.5,4.22,,1,0
3338,ENG,NZL,186,5,37.3,4.96,186,2,1
3343,SOA,PAK,315,4,50.0,6.3,,1,1
3343,PAK,SOA,190,10,36.2,5.22,316,2,0
3346,SOA,PAK,191,10,43.2,4.4,,1,0
3346,PAK,SOA,192,4,39.2,4.88,192,2,1
3347,SOA,PAK,343,5,50.0,6.86,,1,1
3347,PAK,SOA,309,10,48.1,6.41,344,2,0
3348,SOA,PAK,234,9,50.0,4.68,,1,0
3348,PAK,SOA,236,7,48.4,4.84,235,2,1
3349,SLK,BAN,238,2,35.4,6.67,238,2,1
3349,BAN,SLK,259,8,50.0,5.18,,1,0
3350,SOA,PAK,208,4,44.0,4.72,206,2,1
3350,PAK,SOA,205,10,49.1,4.16,,1,0
3352,SLK,BAN,302,9,50.0,6.04,,1,0
3352,BAN,SLK,184,7,26.0,7.07,183,2,1
3360,NZL,ENG,231,5,46.5,4.93,228,2,1
3360,ENG,NZL,227,9,50.0,4.54,,1,0
3361,NZL,ENG,359,3,50.0,7.18,,1,1
3361,ENG,NZL,273,10,44.1,6.18,360,2,0
3362,NZL,ENG,253,10,46.3,5.44,288,2,0
3362,ENG,NZL,287,6,50.0,5.74,,1,1
3363,SOA,IND,305,10,50.0,6.1,332,2,0
3363,IND,SOA,331,7,50.0,6.62,,1,1
3364,WIN,PAK,172,8,40.4,4.22,171,2,1
3364,PAK,WIN,170,10,48.0,3.54,,1,0
3365,ENG,AUS,269,6,50.0,5.38,,1,1
3365,AUS,ENG,221,9,50.0,4.42,270,2,0
3366,SLK,NZL,138,10,37.5,3.64,,1,0
3366,NZL,SLK,139,9,36.3,3.8,139,2,1
3367,SOA,PAK,234,9,50.0,4.68,,1,1
3367,PAK,SOA,167,10,45.0,3.71,235,2,0
3368,WIN,IND,233,9,50.0,4.66,,1,0
3368,IND,WIN,236,2,39.1,6.02,234,2,1
3370,SLK,ENG,297,3,47.1,6.29,294,2,1
3370,ENG,SLK,293,7,50.0,5.86,,1,0
3372,PAK,IND,165,10,39.4,4.15,,1,0
3372,IND,PAK,102,2,19.1,5.32,102,2,1
3373,NZL,ENG,159,8,24.0,6.62,170,2,0
3373,ENG,NZL,169,10,23.3,7.19,,1,1
3374,SLK,AUS,253,8,50.0,5.06,,1,1
3374,AUS,SLK,233,10,42.3,5.48,254,2,0
3375,SOA,ENG,175,10,38.4,4.52,,1,0
3375,ENG,SOA,179,3,37.3,4.77,176,2,1
3376,SLK,IND,181,8,50.0,3.62,,1,0
3376,IND,SLK,182,2,35.0,5.2,182,2,1
3377,IND,ENG,129,7,20.0,6.45,,1,1
3377,ENG,IND,124,8,20.0,6.2,130,2,0
3378,WIN,SLK,209,4,37.5,5.52,209,2,1
3378,SLK,WIN,208,10,48.3,4.28,,1,0
3380,WIN,IND,230,9,47.4,4.82,230,2,1
3380,IND,WIN,229,7,50.0,4.58,,1,0
3382,SLK,IND,348,1,50.0,6.96,,1,1
3382,IND,SLK,187,10,44.5,4.17,349,2,0
3383,WIN,IND,171,10,34.0,5.02,274,2,0
3383,IND,WIN,311,7,50.0,6.22,,1,1
3385,WIN,SLK,190,9,41.0,4.63,230,2,0
3385,SLK,WIN,219,8,41.0,5.34,,1,1
3387,SLK,IND,96,10,24.4,3.89,178,2,0
3387,IND,SLK,119,3,29.0,4.1,,1,1
3388,SLK,IND,201,10,48.5,4.11,,1,0
3388,IND,SLK,203,9,49.4,4.08,202,2,1
3389,WIN,PAK,98,10,41.0,2.39,225,2,0
3389,PAK,WIN,224,9,50.0,4.48,,1,1
3390,WIN,PAK,232,8,50.0,4.64,,1,1
3390,PAK,WIN,195,10,47.5,4.07,233,2,0
3392,SLK,SOA,320,5,50.0,6.4,,1,1
3392,SOA,SLK,140,10,31.5,4.39,321,2,0
3393,WIN,PAK,261,7,49.0,5.32,,1,0
3393,PAK,WIN,189,4,30.0,6.3,189,2,1
3394,SLK,SOA,223,9,49.2,4.52,,1,1
3394,SOA,SLK,104,5,21.0,4.95,122,2,0
3396,WIN,PAK,242,7,50.0,4.84,,1,0
3396,PAK,WIN,243,6,49.5,4.87,243,2,1
3398,SLK,SOA,167,10,43.2,3.85,224,2,0
3398,SOA,SLK,223,7,50.0,4.46,,1,1
3400,SLK,SOA,239,2,44.0,5.43,239,2,1
3400,SOA,SLK,238,10,48.4,4.89,,1,0
3401,SLK,SOA,307,4,50.0,6.14,,1,1
3401,SOA,SLK,179,10,43.5,4.08,308,2,0
3412,ENG,AUS,227,10,44.2,5.12,316,2,0
3412,AUS,ENG,315,7,50.0,6.3,,1,1
3415,ENG,AUS,231,7,49.3,4.66,228,2,1
3415,AUS,ENG,227,10,48.2,4.69,,1,0
3416,ENG,AUS,249,10,48.0,5.18,299,2,0
3416,AUS,ENG,298,10,49.1,6.06,,1,1
3419,IND,AUS,232,10,49.4,4.67,305,2,0
3419,AUS,IND,304,8,50.0,6.08,,1,1
3420,IND,AUS,362,1,43.3,8.32,360,2,1
3420,AUS,IND,359,5,50.0,7.18,,1,0
3421,IND,AUS,303,9,50.0,6.06,,1,0
3421,AUS,IND,304,6,49.3,6.14,304,2,1
3423,NZL,BAN,162,10,29.5,5.43,206,2,0
3423,BAN,NZL,265,10,49.5,5.31,,1,1
3424,IND,AUS,351,4,49.3,7.09,351,2,1
3424,AUS,IND,350,6,50.0,7.0,,1,0
3425,SOA,PAK,183,10,49.5,3.67,,1,1
3425,PAK,SOA,182,10,46.3,3.91,184,2,0
3426,NZL,BAN,207,10,46.4,4.43,248,2,0
3426,BAN,NZL,247,10,49.0,5.04,,1,1
3427,SOA,PAK,143,10,40.4,3.51,210,2,0
3427,PAK,SOA,209,10,49.4,4.2,,1,1
3428,IND,AUS,383,6,50.0,7.66,,1,1
3428,AUS,IND,326,10,45.1,7.21,384,2,0
3429,NZL,BAN,307,5,50.0,6.14,,1,0
3429,BAN,NZL,309,6,49.2,6.26,308,2,1
3430,SOA,PAK,259,8,50.0,5.18,,1,1
3430,PAK,SOA,191,10,44.3,4.29,260,2,0
3431,SOA,PAK,266,5,50.0,5.32,,1,1
3431,PAK,SOA,238,10,49.2,4.82,267,2,0
3433,SOA,PAK,268,7,50.0,5.36,,1,1
3433,PAK,SOA,151,10,35.3,4.25,269,2,0
3434,SLK,NZL,138,1,23.0,6.0,,1,0
3434,NZL,SLK,203,6,23.0,8.82,198,2,1
3435,SLK,NZL,211,8,33.0,6.39,,1,1
3435,NZL,SLK,126,6,25.0,5.04,163,2,0
3436,WIN,IND,211,10,48.5,4.32,,1,0
3436,IND,WIN,212,4,35.2,6.0,212,2,1
3437,WIN,IND,289,8,49.3,5.83,289,2,1
3437,IND,WIN,288,7,50.0,5.76,,1,0
3438,SOA,PAK,195,10,48.1,4.04,219,2,0
3438,PAK,SOA,218,9,50.0,4.36,,1,1
3439,WIN,IND,263,5,50.0,5.26,,1,0
3439,IND,WIN,266,5,46.1,5.76,264,2,1
3440,SOA,PAK,261,6,45.0,5.8,263,2,0
3440,PAK,SOA,262,10,45.0,5.82,,1,1
3441,SOA,PAK,181,6,38.4,4.68,180,2,1
3441,PAK,SOA,179,10,46.5,3.82,,1,0
3442,SOA,IND,358,4,50.0,7.16,,1,1
3442,IND,SOA,217,10,41.0,5.29,359,2,0
3443,SOA,IND,280,6,49.0,5.71,,1,1
3443,IND,SOA,146,10,35.1,4.15,281,2,0
3445,SLK,PAK,311,10,49.4,6.26,323,2,0
3445,PAK,SLK,322,5,50.0,6.44,,1,1
3446,SLK,PAK,287,8,49.4,5.77,285,2,1
3446,PAK,SLK,284,4,50.0,5.68,,1,0
3447,SLK,PAK,213,10,44.4,4.76,327,2,0
3447,PAK,SLK,326,5,50.0,6.52,,1,1
3448,SLK,PAK,225,10,48.5,4.6,,1,0
3448,PAK,SLK,226,2,41.1,5.48,226,2,1
3449,WIN,NZL,157,8,27.3,5.7,157,2,1
3449,NZL,WIN,156,10,42.1,3.69,,1,0
3450,SLK,PAK,235,8,49.4,4.73,233,2,1
3450,PAK,SLK,232,10,49.3,4.68,,1,0
3451,WIN,NZL,124,5,21.0,5.9,284,2,0
3451,NZL,WIN,283,4,21.0,13.47,,1,1
3452,WIN,NZL,134,5,33.4,3.98,193,2,0
3452,NZL,WIN,285,6,50.0,5.7,,1,1
3453,WIN,NZL,363,4,50.0,7.26,,1,1
3453,NZL,WIN,160,10,29.5,5.36,364,2,0
3454,ENG,AUS,269,7,50.0,5.38,,1,0
3454,AUS,ENG,270,4,45.4,5.91,270,2,1
3455,ENG,AUS,300,8,50.0,6.0,,1,0
3455,AUS,ENG,301,9,49.3,6.08,301,2,1
3456,NZL,IND,292,7,50.0,5.84,,1,1
3456,IND,NZL,268,10,48.4,5.5,293,2,0
3457,ENG,AUS,243,9,50.0,4.86,,1,0
3457,AUS,ENG,244,3,40.0,6.1,244,2,1
3458,NZL,IND,271,7,42.0,6.45,,1,1
3458,IND,NZL,277,9,41.3,6.67,293,2,0
3461,ENG,AUS,316,8,50.0,6.32,,1,1
3461,AUS,ENG,259,10,47.4,5.43,317,2,0
3463,ENG,AUS,212,10,49.4,4.26,218,2,0
3463,AUS,ENG,217,9,50.0,4.34,,1,1
3465,NZL,IND,280,3,48.1,5.81,279,2,1
3465,IND,NZL,278,5,50.0,5.56,,1,0
3467,NZL,IND,303,5,50.0,6.06,,1,1
3467,IND,NZL,216,10,49.4,4.34,304,2,0
3469,SLK,BAN,180,10,40.0,4.5,,1,1
3469,BAN,SLK,167,10,39.2,4.24,181,2,0
3470,SLK,BAN,289,6,50.0,5.78,,1,1
3470,BAN,SLK,228,10,43.0,5.3,290,2,0
3471,SLK,BAN,246,4,47.3,5.17,241,2,1
3471,BAN,SLK,240,8,50.0,4.8,,1,0
3473,SLK,PAK,296,6,50.0,5.92,,1,1
3473,PAK,SLK,284,10,48.5,5.81,297,2,0
3474,IND,BAN,280,4,49.0,5.71,280,2,1
3474,BAN,IND,279,7,50.0,5.58,,1,0
3475,PAK,AFG,248,8,50.0,4.96,,1,1
3475,AFG,PAK,176,10,47.2,3.71,249,2,0
3476,SLK,IND,265,8,49.2,5.37,265,2,1
3476,IND,SLK,264,9,50.0,5.28,,1,0
3477,WIN,ENG,269,6,50.0,5.38,,1,1
3477,ENG,WIN,254,6,50.0,5.08,270,2,0
3478,BAN,AFG,222,10,47.5,4.64,255,2,0
3478,AFG,BAN,254,6,50.0,5.08,,1,1
3479,PAK,IND,249,9,49.4,5.01,246,2,1
3479,IND,PAK,245,8,50.0,4.9,,1,0
3480,WIN,ENG,159,10,44.2,3.58,,1,0
3480,ENG,WIN,163,7,44.5,3.63,160,2,1
3481,SLK,AFG,253,6,50.0,5.06,,1,1
3481,AFG,SLK,124,10,38.4,3.2,254,2,0
3482,PAK,BAN,329,7,49.5,6.6,327,2,1
3482,BAN,PAK,326,3,50.0,6.52,,1,0
3483,IND,AFG,160,2,32.2,4.94,160,2,1
3483,AFG,IND,159,10,45.2,3.5,,1,0
3484,WIN,ENG,278,10,47.4,5.83,304,2,0
3484,ENG,WIN,303,6,50.0,6.06,,1,1
3485,SLK,BAN,208,7,49.0,4.24,205,2,1
3485,BAN,SLK,204,9,50.0,4.08,,1,0
3486,SLK,PAK,261,5,46.2,5.63,261,2,1
3486,PAK,SLK,260,5,50.0,5.2,,1,0
3492,SLK,ENG,144,10,27.5,5.17,226,2,0
3492,ENG,SLK,247,6,39.0,6.33,,1,1
3493,SLK,ENG,256,8,50.0,5.12,,1,1
3493,ENG,SLK,99,10,26.1,3.78,257,2,0
3494,SLK,ENG,67,10,24.0,2.79,,1,0
3494,ENG,SLK,73,0,12.1,6.0,68,2,1
3495,SLK,ENG,300,9,50.0,6.0,,1,1
3495,ENG,SLK,293,8,50.0,5.86,301,2,0
3496,SLK,ENG,222,4,48.2,4.59,220,2,1
3496,ENG,SLK,219,10,48.1,4.54,,1,0
3497,IND,BAN,153,3,24.5,6.16,150,2,1
3497,BAN,IND,272,9,50.0,5.44,,1,0
3498,IND,BAN,105,10,25.3,4.11,,1,1
3498,BAN,IND,58,10,17.4,3.28,106,2,0
3500,SLK,SOA,229,10,40.3,5.65,305,2,0
3500,SOA,SLK,304,5,50.0,6.08,,1,1
3501,SLK,SOA,267,10,49.2,5.41,,1,1
3501,SOA,SLK,180,10,38.1,4.71,268,2,0
3502,SLK,SOA,257,10,44.3,5.77,340,2,0
3502,SOA,SLK,339,5,50.0,6.78,,1,1
3509,WIN,BAN,219,7,39.4,5.52,218,2,1
3509,BAN,WIN,217,9,50.0,4.34,,1,0
3511,WIN,BAN,247,7,50.0,4.94,,1,1
3511,BAN,WIN,70,10,24.4,2.83,248,2,0
3512,SLK,PAK,275,7,45.0,6.11,,1,0
3512,PAK,SLK,277,6,44.5,6.17,275,2,1
3514,WIN,BAN,338,7,50.0,6.76,,1,1
3514,BAN,WIN,247,8,50.0,4.94,339,2,0
3515,SLK,PAK,310,9,50.0,6.2,,1,1
3515,PAK,SLK,233,10,43.5,5.31,311,2,0
3516,SOA,AUS,328,3,46.4,7.02,328,2,1
3516,AUS,SOA,327,7,50.0,6.54,,1,0
3517,IND,ENG,304,6,50.0,6.08,,1,1
3517,ENG,IND,161,10,38.1,4.21,295,2,0
3519,SLK,PAK,104,3,18.2,5.67,101,2,1
3519,PAK,SLK,102,10,32.1,3.17,,1,0
3520,IND,ENG,228,4,43.0,5.3,228,2,1
3520,ENG,IND,227,10,50.0,4.54,,1,0
3522,SOA,AUS,220,10,44.0,5.0,283,2,0
3522,AUS,SOA,282,7,50.0,5.64,,1,1
3523,IND,ENG,212,1,30.3,6.95,207,2,1
3523,ENG,IND,206,10,49.3,4.16,,1,0
3525,IND,ENG,253,10,48.4,5.19,295,2,0
3525,ENG,IND,294,7,50.0,5.88,,1,1
3526,SOA,AUS,221,4,40.5,5.41,218,2,1
3526,AUS,SOA,217,9,50.0,4.34,,1,0
3530,PAK,AUS,162,10,36.3,4.43,256,2,0
3530,AUS,PAK,255,8,50.0,5.1,,1,1
3531,WIN,IND,321,6,50.0,6.42,,1,1
3531,IND,WIN,197,10,41.0,4.8,322,2,0
3532,PAK,AUS,215,10,49.3,4.34,,1,0
3532,AUS,PAK,217,5,43.2,5.0,216,2,1
3533,WIN,IND,215,10,46.3,4.62,264,2,0
3533,IND,WIN,263,7,50.0,5.26,,1,1
3534,PAK,AUS,230,10,50.0,4.6,232,2,0
3534,AUS,PAK,231,9,50.0,4.62,,1,1
3535,WIN,IND,271,10,48.1,5.62,331,2,0
3535,IND,WIN,330,6,50.0,6.6,,1,1
3536,SOA,NZL,236,4,48.1,4.89,231,2,1
3536,NZL,SOA,230,10,45.1,5.09,,1,0
3537,SOA,NZL,282,9,50.0,5.64,,1,1
3537,NZL,SOA,210,10,46.3,4.51,283,2,0
3539,SLK,IND,194,10,39.2,4.93,364,2,0
3539,IND,SLK,363,5,50.0,7.26,,1,1
3540,SLK,IND,274,8,50.0,5.48,,1,0
3540,IND,SLK,275,4,44.3,6.17,275,2,1
3543,SLK,IND,242,10,48.2,5.0,,1,0
3543,IND,SLK,245,4,44.1,5.54,243,2,1
3544,SLK,IND,251,10,43.1,5.81,405,2,0
3544,IND,SLK,404,5,50.0,8.08,,1,1
3545,SOA,AUS,268,10,48.1,5.56,301,2,0
3545,AUS,SOA,300,8,50.0,6.0,,1,1
3546,SOA,AUS,157,7,27.4,5.67,155,2,1
3546,AUS,SOA,154,10,41.4,3.69,,1,0
3547,SLK,IND,286,8,50.0,5.72,,1,0
3547,IND,SLK,288,7,48.4,5.91,287,2,1
3548,SOA,AUS,256,10,44.3,5.75,330,2,0
3548,AUS,SOA,329,5,50.0,6.58,,1,1
3549,SOA,AUS,267,8,50.0,5.34,,1,0
3549,AUS,SOA,268,7,49.0,5.46,268,2,1
3551,SOA,AUS,280,6,50.0,5.6,,1,0
3551,AUS,SOA,275,8,47.1,5.83,275,2,1
3554,SLK,ENG,317,6,50.0,6.34,,1,1
3554,ENG,SLK,292,10,47.1,6.19,318,2,0
3557,SLK,ENG,186,2,34.2,5.41,186,2,1
3557,ENG,SLK,185,10,43.0,4.3,,1,0
3561,SLK,ENG,242,8,35.0,6.91,,1,0
3561,ENG,SLK,236,5,33.4,7.0,236,2,1
3563,SLK,ENG,267,4,49.4,5.37,266,2,1
3563,ENG,SLK,265,10,50.0,5.3,,1,0
3564,PAK,NZL,250,7,49.3,5.05,247,2,1
3564,NZL,PAK,246,7,50.0,4.92,,1,0
3565,SLK,ENG,239,10,49.0,4.87,,1,0
3565,ENG,SLK,240,5,49.1,4.88,240,2,1
3566,PAK,NZL,252,10,48.3,5.19,,1,0
3566,NZL,PAK,255,6,46.0,5.54,253,2,1
3567,SLK,ENG,292,7,50.0,5.84,,1,1
3567,ENG,SLK,202,10,41.3,4.86,293,2,0
3568,PAK,NZL,364,7,50.0,7.28,,1,1
3568,NZL,PAK,217,10,38.2,5.66,365,2,0
3569,SLK,ENG,302,6,50.0,6.04,,1,1
3569,ENG,SLK,215,10,45.5,4.69,303,2,0
3570,PAK,NZL,292,8,50.0,5.84,300,2,0
3570,NZL,PAK,299,5,50.0,5.98,,1,1
3571,PAK,NZL,207,10,43.3,4.75,276,2,0
3571,NZL,PAK,275,4,50.0,5.5,,1,1
3574,SLK,NZL,218,9,50.0,4.36,,1,0
3574,NZL,SLK,219,7,43.0,5.09,219,2,1
3577,SLK,NZL,252,4,47.4,5.28,249,2,1
3577,NZL,SLK,248,10,50.0,4.96,,1,0
3578,ENG,AUS,234,10,47.5,4.89,,1,0
3578,AUS,ENG,235,7,39.5,5.89,235,2,1
3579,WIN,SOA,164,10,28.2,5.78,226,2,0
3579,SOA,WIN,279,8,48.2,5.77,,1,1
3582,IND,AUS,267,8,50.0,5.34,,1,0
3582,AUS,IND,269,6,49.0,5.48,268,2,1
3583,WIN,SOA,291,7,50.0,5.82,440,2,0
3583,SOA,WIN,439,2,50.0,8.78,,1,1
3585,SLK,NZL,276,10,49.3,5.57,,1,0
3585,NZL,SLK,280,6,48.1,5.81,277,2,1
3586,IND,ENG,153,10,39.3,3.87,,1,0
3586,ENG,IND,156,1,27.3,5.67,154,2,1
3587,WIN,SOA,122,10,33.4,3.62,,1,0
3587,SOA,WIN,124,1,24.4,5.02,123,2,1
3588,SLK,NZL,252,10,43.4,5.77,361,2,0
3588,NZL,SLK,360,5,50.0,7.2,,1,1
3589,ENG,AUS,303,8,50.0,6.06,,1,0
3589,AUS,ENG,304,7,49.5,6.1,304,2,1
3590,SLK,NZL,195,10,40.3,4.81,316,2,0
3590,NZL,SLK,315,8,50.0,6.3,,1,1
3591,WIN,SOA,266,9,48.3,5.48,263,2,1
3591,SOA,WIN,262,8,50.0,5.24,,1,0
3593,WIN,SOA,230,10,37.4,6.1,362,2,0
3593,SOA,WIN,361,5,42.0,8.59,,1,1
3594,SLK,NZL,287,6,50.0,5.74,,1,1
3594,NZL,SLK,253,10,45.2,5.58,288,2,0
3595,IND,ENG,200,10,48.1,4.15,,1,0
3595,ENG,IND,201,7,46.5,4.29,201,2,1
3596,PAK,NZL,210,10,45.3,4.61,,1,0
3596,NZL,PAK,213,3,39.3,5.39,211,2,1
3597,ENG,AUS,166,10,39.1,4.23,279,2,0
3597,AUS,ENG,278,8,50.0,5.56,,1,1
3598,PAK,NZL,250,10,43.1,5.79,370,2,0
3598,NZL,PAK,369,5,50.0,7.38,,1,1
3599,SLK,NZL,233,10,46.1,5.04,332,2,0
3599,NZL,SLK,331,6,50.0,6.62,,1,1
3600,ENG,AUS,231,10,41.5,5.52,343,2,0
3600,AUS,ENG,342,9,50.0,6.84,,1,1
3602,PAK,IND,224,10,47.0,4.76,301,2,0
3602,IND,PAK,300,7,50.0,6.0,,1,1
3605,BAN,AFG,267,10,50.0,5.34,,1,1
3605,AFG,BAN,162,10,42.5,3.78,268,2,0
3607,NZL,ENG,125,2,12.2,10.13,124,2,1
3607,ENG,NZL,123,10,33.2,3.69,,1,0
3608,WIN,PAK,310,6,50.0,6.2,,1,1
3608,PAK,WIN,160,10,39.0,4.1,311,2,0
3609,SLK,AFG,236,6,48.2,4.88,233,2,1
3609,AFG,SLK,232,10,49.4,4.67,,1,0
3610,SOA,IND,177,10,40.2,4.38,308,2,0
3610,IND,SOA,307,7,50.0,6.14,,1,1
3615,SLK,BAN,332,1,50.0,6.64,,1,1
3615,BAN,SLK,240,10,47.0,5.1,333,2,0
3616,WIN,SOA,151,10,33.1,4.55,409,2,0
3616,SOA,WIN,408,5,50.0,8.16,,1,1
3617,NZL,AUS,152,9,23.1,6.56,152,2,1
3617,AUS,NZL,151,10,32.2,4.67,,1,0
3619,SLK,ENG,312,1,47.2,6.59,310,2,1
3619,ENG,SLK,309,6,50.0,6.18,,1,0
3623,AUS,AFG,417,6,50.0,8.34,,1,1
3623,AFG,AUS,142,10,37.3,3.78,418,2,0
3625,WIN,IND,182,10,44.2,4.1,,1,0
3625,IND,WIN,185,6,39.1,4.72,183,2,1
3626,SOA,PAK,202,10,33.3,6.02,232,2,0
3626,PAK,SOA,222,10,46.4,4.75,,1,1
3628,NZL,AFG,188,4,36.1,5.19,187,2,1
3628,AFG,NZL,186,10,47.4,3.9,,1,0
3629,SLK,AUS,312,10,46.2,6.73,377,2,0
3629,AUS,SLK,376,9,50.0,7.52,,1,1
3630,ENG,BAN,260,10,48.3,5.36,276,2,0
3630,BAN,ENG,275,7,50.0,5.5,,1,1
3634,NZL,BAN,290,7,48.5,5.93,289,2,1
3634,BAN,NZL,288,7,50.0,5.76,,1,0
3635,ENG,AFG,101,1,18.1,5.55,101,2,1
3635,AFG,ENG,111,7,36.2,3.05,,1,0
3640,SLK,SOA,133,10,37.2,3.56,,1,0
3640,SOA,SLK,134,1,18.0,7.44,134,2,1
3641,IND,BAN,302,6,50.0,6.04,,1,1
3641,BAN,IND,193,10,45.0,4.28,303,2,0
3642,PAK,AUS,213,10,49.5,4.27,,1,0
3642,AUS,PAK,216,4,33.5,6.38,214,2,1
3643,WIN,NZL,250,10,30.3,8.19,394,2,0
3643,NZL,WIN,393,6,50.0,7.86,,1,1
3644,SOA,NZL,281,5,43.0,6.53,,1,0
3644,NZL,SOA,299,6,42.5,6.98,298,2,1
3645,IND,AUS,233,10,46.5,4.97,329,2,0
3645,AUS,IND,328,7,50.0,6.56,,1,1
3646,NZL,AUS,183,10,45.0,4.06,,1,0
3646,AUS,NZL,186,3,33.1,5.6,184,2,1
3647,PAK,BAN,250,10,45.2,5.51,330,2,0
3647,BAN,PAK,329,6,50.0,6.58,,1,1
3648,PAK,BAN,239,6,50.0,4.78,,1,0
3648,BAN,PAK,240,3,38.1,6.28,240,2,1
3649,PAK,BAN,250,10,49.0,5.1,,1,0
3649,BAN,PAK,251,2,39.3,6.35,251,2,1
3654,NZL,ENG,198,10,31.1,6.35,409,2,0
3654,ENG,NZL,408,9,50.0,8.16,,1,1
3655,NZL,ENG,398,5,50.0,7.96,,1,1
3655,ENG,NZL,365,9,46.0,7.93,379,2,0
3656,NZL,ENG,306,7,49.0,6.24,303,2,1
3656,ENG,NZL,302,10,45.2,6.66,,1,0
3657,NZL,ENG,349,7,50.0,6.98,,1,0
3657,ENG,NZL,350,3,44.0,7.95,350,2,1
3658,IND,BAN,228,10,46.0,4.95,308,2,0
3658,BAN,IND,307,10,49.4,6.18,,1,1
3659,NZL,ENG,283,9,50.0,5.66,,1,0
3659,ENG,NZL,192,7,25.0,7.68,192,2,1
3660,IND,BAN,200,10,45.0,4.44,,1,0
3660,BAN,IND,200,4,38.0,5.26,200,2,1
3661,IND,BAN,317,6,50.0,6.34,,1,1
3661,BAN,IND,240,10,47.0,5.1,318,2,0
3663,SOA,BAN,164,2,31.1,5.26,161,2,1
3663,BAN,SOA,160,10,36.3,4.38,,1,0
3664,SLK,PAK,255,8,50.0,5.1,,1,0
3664,PAK,SLK,259,4,45.2,5.71,256,2,1
3666,SOA,BAN,162,10,46.0,3.52,,1,0
3666,BAN,SOA,167,3,27.4,6.03,163,2,1
3668,SOA,BAN,168,9,40.0,4.2,,1,0
3668,BAN,SOA,170,1,26.1,6.49,170,2,1
3669,SLK,PAK,288,8,48.1,5.97,288,2,1
3669,PAK,SLK,287,8,50.0,5.74,,1,0
3670,SLK,PAK,181,10,41.1,4.39,317,2,0
3670,PAK,SLK,316,4,50.0,6.32,,1,1
3671,SLK,PAK,256,9,50.0,5.12,,1,0
3671,PAK,SLK,257,3,40.5,6.29,257,2,1
3672,SLK,PAK,368,4,50.0,7.36,,1,1
3672,PAK,SLK,203,10,37.2,5.43,369,2,0
3676,SOA,NZL,304,7,50.0,6.08,,1,1
3676,NZL,SOA,284,10,48.1,5.89,305,2,0
3677,SOA,NZL,204,10,49.3,4.12,,1,0
3677,NZL,SOA,207,2,44.3,4.65,205,2,1
3678,SOA,NZL,283,7,50.0,5.66,,1,1
3678,NZL,SOA,221,10,49.2,4.47,284,2,0
3680,ENG,AUS,246,10,45.3,5.4,306,2,0
3680,AUS,ENG,305,6,50.0,6.1,,1,1
3681,ENG,AUS,245,10,42.3,5.76,310,2,0
3681,AUS,ENG,309,7,49.0,6.3,,1,1
3682,ENG,AUS,300,8,50.0,6.0,,1,1
3682,AUS,ENG,207,10,44.0,4.7,301,2,0
3683,ENG,AUS,304,7,48.2,6.28,300,2,1
3683,AUS,ENG,299,7,50.0,5.98,,1,0
3684,ENG,AUS,138,10,33.0,4.18,,1,0
3684,AUS,ENG,140,2,24.2,5.75,139,2,1
3689,SOA,IND,303,5,50.0,6.06,,1,1
3689,IND,SOA,298,7,50.0,5.96,304,2,0
3692,SOA,IND,225,10,43.4,5.15,248,2,0
3692,IND,SOA,247,9,50.0,4.94,,1,1
3695,SOA,IND,270,7,50.0,5.4,,1,1
3695,IND,SOA,252,6,50.0,5.04,271,2,0
3698,SOA,IND,264,9,50.0,5.28,300,2,0
3698,IND,SOA,299,8,50.0,5.98,,1,1
3700,SOA,IND,438,4,50.0,8.76,,1,1
3700,IND,SOA,224,10,36.0,6.22,439,2,0
3701,WIN,SLK,159,8,26.0,6.11,,1,0
3701,SLK,WIN,164,9,24.5,6.6,163,2,1
3702,WIN,SLK,214,10,37.4,5.68,,1,0
3702,SLK,WIN,225,2,36.3,6.16,225,2,1
3704,WIN,SLK,206,9,36.0,5.72,,1,0
3704,SLK,WIN,180,5,32.3,5.53,162,2,1
3707,PAK,ENG,217,4,43.4,4.96,217,2,1
3707,ENG,PAK,216,10,49.4,4.34,,1,0
3708,PAK,ENG,188,10,45.5,4.1,284,2,0
3708,ENG,PAK,283,5,50.0,5.66,,1,1
3710,PAK,ENG,208,10,49.5,4.17,,1,0
3710,ENG,PAK,210,4,41.0,5.12,209,2,1
3712,PAK,ENG,271,10,40.4,6.66,356,2,0
3712,ENG,PAK,355,5,50.0,7.1,,1,1
3714,SLK,NZL,188,10,47.0,4.0,,1,0
3714,NZL,SLK,191,3,21.0,9.09,189,2,1
3715,SLK,NZL,117,10,27.4,4.22,,1,0
3715,NZL,SLK,118,0,8.2,14.16,118,2,1
3717,SLK,NZL,277,2,46.2,5.97,277,2,1
3717,NZL,SLK,276,8,50.0,5.52,,1,0
3721,SLK,NZL,258,10,47.1,5.46,295,2,0
3721,NZL,SLK,294,5,50.0,5.88,,1,1
3723,IND,AUS,309,3,50.0,6.18,,1,0
3723,AUS,IND,310,5,49.2,6.28,310,2,1
3724,IND,AUS,308,8,50.0,6.16,,1,0
3724,AUS,IND,309,3,49.0,6.3,309,2,1
3725,IND,AUS,295,6,50.0,5.9,,1,0
3725,AUS,IND,296,7,48.5,6.06,296,2,1
3726,IND,AUS,323,10,49.2,6.54,349,2,0
3726,AUS,IND,348,8,50.0,6.96,,1,1
3727,IND,AUS,331,4,49.4,6.66,331,2,1
3727,AUS,IND,330,7,50.0,6.6,,1,0
3728,PAK,NZL,210,10,46.0,4.56,281,2,0
3728,NZL,PAK,280,8,50.0,5.6,,1,1
3730,PAK,NZL,290,10,47.3,6.1,,1,0
3730,NZL,PAK,265,7,42.4,6.21,263,2,1
3731,NZL,AUS,307,8,50.0,6.14,,1,1
3731,AUS,NZL,148,10,24.2,6.08,308,2,0
3732,SOA,ENG,250,5,33.3,7.46,290,2,0
3732,ENG,SOA,399,9,50.0,7.98,,1,1
3733,NZL,AUS,281,9,50.0,5.62,,1,0
3733,AUS,NZL,283,6,46.3,6.08,282,2,1
3734,SOA,ENG,262,7,50.0,5.24,,1,0
3734,ENG,SOA,263,5,46.2,5.67,263,2,1
3735,NZL,AUS,246,10,45.3,5.4,,1,1
3735,AUS,NZL,191,10,43.4,4.37,247,2,0
3736,SOA,ENG,319,3,46.2,6.88,319,2,1
3736,ENG,SOA,318,8,50.0,6.36,,1,0
3737,SOA,ENG,266,9,47.2,5.61,263,2,1
3737,ENG,SOA,262,10,47.5,5.47,,1,0
3738,SOA,ENG,237,5,44.0,5.38,237,2,1
3738,ENG,SOA,236,10,45.0,5.24,,1,0
3739,WIN,SOA,191,6,48.1,3.96,189,2,1
3739,SOA,WIN,188,10,46.5,4.01,,1,0
3740,WIN,AUS,116,10,32.3,3.56,,1,0
3740,AUS,WIN,117,4,25.4,4.55,117,2,1
3741,SOA,AUS,189,9,50.0,3.78,,1,1
3741,AUS,SOA,142,10,34.2,4.13,190,2,0
3743,SOA,AUS,252,10,47.4,5.28,289,2,0
3743,AUS,SOA,288,6,50.0,5.76,,1,1
3745,WIN,AUS,266,6,45.4,5.82,266,2,1
3745,AUS,WIN,265,7,50.0,5.3,,1,0
3747,WIN,SOA,204,10,38.0,5.36,344,2,0
3747,SOA,WIN,343,4,50.0,6.86,,1,1
3752,WIN,AUS,282,8,50.0,5.64,,1,0
3752,AUS,WIN,283,4,48.4,5.81,283,2,1
3753,SLK,ENG,254,7,50.0,5.08,,1,0
3753,ENG,SLK,256,0,34.1,7.49,255,2,1
3754,WIN,SOA,285,10,49.5,5.71,,1,1
3754,SOA,WIN,185,10,46.0,4.02,286,2,0
3756,WIN,AUS,212,10,45.4,4.64,271,2,0
3756,AUS,WIN,270,9,50.0,5.4,,1,1
3757,SLK,ENG,305,5,42.0,7.26,,1,0
3757,ENG,SLK,309,4,40.1,7.69,308,2,1
3758,SLK,ENG,202,10,42.4,4.73,325,2,0
3758,ENG,SLK,324,7,50.0,6.48,,1,1
3768,SLK,AUS,227,8,50.0,4.54,,1,0
3768,AUS,SLK,228,7,46.5,4.86,228,2,1
3769,SLK,AUS,288,10,48.5,5.89,,1,1
3769,AUS,SLK,206,10,47.2,4.35,289,2,0
3770,PAK,ENG,260,6,50.0,5.2,,1,0
3770,ENG,PAK,194,3,34.3,5.62,151,2,1
3771,PAK,ENG,251,10,49.5,5.03,,1,0
3771,ENG,PAK,255,6,47.3,5.36,252,2,1
3772,SLK,AUS,226,10,49.2,4.58,,1,0
3772,AUS,SLK,227,8,46.0,4.93,227,2,1
3773,PAK,ENG,275,10,42.4,6.44,445,2,0
3773,ENG,PAK,444,3,50.0,8.88,,1,1
3774,SLK,AUS,212,10,50.0,4.24,,1,0
3774,AUS,SLK,217,4,31.0,7.0,213,2,1
3775,PAK,ENG,247,8,50.0,4.94,,1,0
3775,ENG,PAK,252,6,48.0,5.25,248,2,1
3776,SLK,AUS,195,10,40.2,4.83,,1,0
3776,AUS,SLK,199,5,43.0,4.62,196,2,1
3777,PAK,ENG,304,6,48.2,6.28,303,2,1
3777,ENG,PAK,302,9,50.0,6.04,,1,0
3781,BAN,AFG,265,10,50.0,5.3,,1,1
3781,AFG,BAN,258,10,50.0,5.16,266,2,0
3783,BAN,AFG,208,10,49.2,4.21,,1,0
3783,AFG,BAN,212,8,49.4,4.26,209,2,1
3784,WIN,PAK,175,10,38.4,4.52,287,2,0
3784,PAK,WIN,284,9,49.0,5.79,,1,1
3785,SOA,AUS,295,4,36.2,8.11,295,2,1
3785,AUS,SOA,294,9,50.0,5.88,,1,0
3786,BAN,AFG,279,8,50.0,5.58,,1,1
3786,AFG,BAN,138,10,33.5,4.07,280,2,0
3787,SOA,AUS,361,6,50.0,7.22,,1,1
3787,AUS,SOA,219,10,37.4,5.81,362,2,0
3788,WIN,PAK,278,7,50.0,5.56,338,2,0
3788,PAK,WIN,337,5,50.0,6.74,,1,1
3789,WIN,PAK,172,10,44.0,3.9,309,2,0
3789,PAK,WIN,308,6,50.0,6.16,,1,1
3790,SOA,AUS,372,6,49.2,7.54,372,2,1
3790,AUS,SOA,371,6,50.0,7.42,,1,0
3791,ENG,BAN,309,8,50.0,6.18,,1,1
3791,BAN,ENG,288,10,47.5,6.02,310,2,0
3792,SOA,AUS,168,4,35.3,4.73,168,2,1
3792,AUS,SOA,167,10,36.4,4.55,,1,0
3793,ENG,BAN,204,10,44.4,4.56,239,2,0
3793,BAN,ENG,238,8,50.0,4.76,,1,1
3794,ENG,BAN,278,6,47.5,5.81,278,2,1
3794,BAN,ENG,277,6,50.0,5.54,,1,0
3795,SOA,AUS,327,8,50.0,6.54,,1,1
3795,AUS,SOA,296,10,48.2,6.12,328,2,0
3796,NZL,IND,190,10,43.5,4.33,,1,0
3796,IND,NZL,194,4,33.1,5.84,191,2,1
3797,NZL,IND,242,9,50.0,4.84,,1,1
3797,IND,NZL,236,10,49.3,4.76,243,2,0
3798,NZL,IND,285,10,49.4,5.73,,1,0
3798,IND,NZL,289,3,48.2,5.97,286,2,1
3799,NZL,IND,260,7,50.0,5.2,,1,1
3799,IND,NZL,241,10,48.4,4.95,261,2,0
3800,NZL,IND,79,10,23.1,3.41,270,2,0
3800,IND,NZL,269,6,50.0,5.38,,1,1
3805,WIN,SLK,227,10,49.2,4.6,,1,1
3805,SLK,WIN,165,10,43.1,3.82,228,2,0
3808,WIN,SLK,329,9,50.0,6.58,331,2,0
3808,SLK,WIN,330,7,50.0,6.6,,1,1
3811,NZL,AUS,256,10,44.2,5.77,325,2,0
3811,AUS,NZL,324,8,50.0,6.48,,1,1
3812,NZL,AUS,262,10,47.2,5.53,379,2,0
3812,AUS,NZL,378,5,50.0,7.56,,1,1
3813,NZL,AUS,147,10,36.1,4.06,265,2,0
3813,AUS,NZL,264,8,50.0,5.28,,1,1
3814,NZL,BAN,341,7,50.0,6.82,,1,1
3814,BAN,NZL,264,10,44.5,5.88,342,2,0
3815,NZL,BAN,251,10,50.0,5.02,,1,1
3815,BAN,NZL,184,10,42.4,4.31,252,2,0
3816,NZL,BAN,239,2,41.2,5.78,237,2,1
3816,BAN,NZL,236,9,50.0,4.72,,1,0
3817,PAK,AUS,176,10,42.4,4.12,269,2,0
3817,AUS,PAK,268,9,50.0,5.36,,1,1
3818,PAK,AUS,221,4,47.4,4.63,221,2,1
3818,AUS,PAK,220,10,48.2,4.55,,1,0
3819,IND,ENG,356,7,48.1,7.39,351,2,1
3819,ENG,IND,350,7,50.0,7.0,,1,0
3820,PAK,AUS,263,7,50.0,5.26,,1,0
3820,AUS,PAK,265,3,45.0,5.88,264,2,1
3821,IND,ENG,381,6,50.0,7.62,,1,1
3821,ENG,IND,366,8,50.0,7.32,382,2,0
3822,PAK,AUS,267,10,43.5,6.09,354,2,0
3822,AUS,PAK,353,6,50.0,7.06,,1,1
3824,IND,ENG,316,9,50.0,6.32,322,2,0
3824,ENG,IND,321,8,50.0,6.42,,1,1
3826,PAK,AUS,312,10,49.1,6.34,370,2,0
3826,AUS,PAK,369,7,50.0,7.38,,1,1
3828,SLK,SOA,181,10,48.3,3.73,,1,0
3828,SOA,SLK,185,2,34.2,5.38,182,2,1
3829,NZL,AUS,286,9,50.0,5.72,,1,1
3829,AUS,NZL,280,10,47.0,5.95,287,2,0
3830,SLK,SOA,186,10,37.5,4.91,308,2,0
3830,SOA,SLK,307,6,50.0,6.14,,1,1
3831,SLK,SOA,163,10,39.2,4.14,,1,0
3831,SOA,SLK,164,3,32.0,5.12,164,2,1
3832,NZL,AUS,281,9,50.0,5.62,,1,1
3832,AUS,NZL,257,10,47.0,5.46,282,2,0
3833,SLK,SOA,327,10,48.1,6.78,368,2,0
3833,SOA,SLK,367,5,50.0,7.34,,1,1
3834,SLK,SOA,296,8,50.0,5.92,385,2,0
3834,SOA,SLK,384,6,50.0,7.68,,1,1
3836,SOA,NZL,210,6,33.5,6.2,208,2,1
3836,NZL,SOA,207,7,34.0,6.08,,1,0
3839,SOA,NZL,283,9,50.0,5.66,290,2,0
3839,NZL,SOA,289,4,50.0,5.78,,1,1
3841,SOA,NZL,271,8,50.0,5.42,,1,1
3841,NZL,SOA,112,10,32.2,3.46,272,2,0
3843,SOA,NZL,279,8,50.0,5.58,,1,0
3843,NZL,SOA,280,3,45.0,6.22,280,2,1
3845,WIN,ENG,251,10,47.2,5.3,297,2,0
3845,ENG,WIN,296,6,50.0,5.92,,1,1
3846,SOA,NZL,150,4,32.2,4.63,150,2,1
3846,NZL,SOA,149,10,41.1,3.61,,1,0
3848,WIN,ENG,225,10,47.5,4.7,,1,0
3848,ENG,WIN,226,6,48.2,4.67,226,2,1
3849,WIN,ENG,142,10,39.2,3.61,329,2,0
3849,ENG,WIN,328,10,50.0,6.56,,1,1
3855,SLK,BAN,234,10,45.1,5.18,325,2,0
3855,BAN,SLK,324,5,50.0,6.48,,1,1
3858,SLK,BAN,280,9,50.0,5.6,,1,1
3858,BAN,SLK,210,10,44.3,4.71,281,2,0
3861,WIN,PAK,309,6,49.0,6.3,309,2,1
3861,PAK,WIN,308,5,50.0,6.16,,1,0
3862,WIN,PAK,208,10,44.5,4.63,283,2,0
3862,PAK,WIN,282,5,50.0,5.64,,1,1
3863,WIN,PAK,233,9,50.0,4.66,,1,0
3863,PAK,WIN,236,4,43.1,5.46,234,2,1
3868,NZL,BAN,258,6,47.3,5.43,258,2,1
3868,BAN,NZL,257,9,50.0,5.14,,1,0
3871,NZL,BAN,270,8,50.0,5.4,,1,0
3871,BAN,NZL,271,5,48.2,5.6,271,2,1
3872,SOA,ENG,267,10,45.0,5.93,340,2,0
3872,ENG,SOA,339,6,50.0,6.78,,1,1
3873,SOA,ENG,328,5,50.0,6.56,331,2,0
3873,ENG,SOA,330,6,50.0,6.6,,1,1
3874,SOA,ENG,156,3,28.5,5.41,154,2,1
3874,ENG,SOA,153,10,31.1,4.9,,1,0
3875,ENG,BAN,308,2,47.2,6.5,306,2,1
3875,BAN,ENG,305,6,50.0,6.1,,1,0
3877,SLK,SOA,203,10,41.3,4.89,300,2,0
3877,SOA,SLK,299,6,50.0,5.98,,1,1
3878,PAK,IND,164,10,33.4,4.87,289,2,0
3878,IND,PAK,319,3,48.0,6.64,,1,1
3880,NZL,ENG,223,10,44.3,5.01,311,2,0
3880,ENG,NZL,310,10,49.3,6.26,,1,1
3881,SOA,PAK,219,8,50.0,4.38,,1,0
3881,PAK,SOA,119,3,27.0,4.4,101,2,1
3882,SLK,IND,322,3,48.4,6.61,322,2,1
3882,IND,SLK,321,6,50.0,6.42,,1,0
3883,NZL,BAN,265,8,50.0,5.3,,1,0
3883,BAN,NZL,268,5,47.2,5.66,266,2,1
3884,WIN,AFG,149,10,44.4,3.33,213,2,0
3884,AFG,WIN,212,6,50.0,4.24,,1,1
3885,ENG,AUS,240,4,40.2,5.95,201,2,1
3885,AUS,ENG,277,9,50.0,5.54,,1,0
3886,SOA,IND,191,10,44.3,4.29,,1,0
3886,IND,SOA,193,2,38.0,5.07,192,2,1
3887,WIN,AFG,138,6,39.2,3.5,136,2,1
3887,AFG,WIN,135,10,37.3,3.6,,1,0
3888,SLK,PAK,236,10,49.2,4.78,,1,0
3888,PAK,SLK,237,7,44.5,5.28,237,2,1
3889,PAK,ENG,215,2,37.1,5.78,212,2,1
3889,ENG,PAK,211,10,49.5,4.23,,1,0
3891,IND,BAN,265,1,40.1,6.59,265,2,1
3891,BAN,IND,264,7,50.0,5.28,,1,0
3894,PAK,IND,338,4,50.0,6.76,,1,1
3894,IND,PAK,158,10,30.3,5.18,339,2,0
3896,WIN,IND,205,6,43.0,4.76,311,2,0
3896,IND,WIN,310,5,43.0,7.2,,1,1
3898,WIN,IND,158,10,38.1,4.13,252,2,0
3898,IND,WIN,251,4,50.0,5.02,,1,1
3900,WIN,IND,189,9,50.0,3.78,,1,1
3900,IND,WIN,178,10,49.4,3.58,190,2,0
3902,WIN,IND,205,9,50.0,4.1,,1,0
3902,IND,WIN,206,2,36.5,5.59,206,2,1
3905,SLK,IND,216,10,43.2,4.98,,1,0
3905,IND,SLK,220,1,28.5,7.63,217,2,1
3906,SLK,IND,236,8,50.0,4.72,,1,0
3906,IND,SLK,231,7,44.2,5.21,231,2,1
3907,SLK,IND,217,9,50.0,4.34,,1,0
3907,IND,SLK,218,4,45.1,4.82,218,2,1
3908,SLK,IND,207,10,42.4,4.85,376,2,0
3908,IND,SLK,375,5,50.0,7.5,,1,1
3909,SLK,IND,238,10,49.4,4.79,,1,0
3909,IND,SLK,239,4,46.3,5.13,239,2,1
3910,IND,AUS,281,7,50.0,5.62,,1,1
3910,AUS,IND,137,9,21.0,6.52,164,2,0
3911,WIN,ENG,204,9,42.0,4.85,,1,0
3911,ENG,WIN,210,3,30.5,6.81,205,2,1
3912,IND,AUS,252,10,50.0,5.04,,1,1
3912,AUS,IND,202,10,43.1,4.67,253,2,0
3914,IND,AUS,294,5,47.5,6.14,294,2,1
3914,AUS,IND,293,6,50.0,5.86,,1,0
3915,WIN,ENG,245,10,39.1,6.25,370,2,0
3915,ENG,WIN,369,9,50.0,7.38,,1,1
3916,WIN,ENG,356,5,50.0,7.12,,1,0
3916,ENG,WIN,258,5,35.1,7.33,253,2,1
3917,IND,AUS,313,8,50.0,6.26,335,2,0
3917,AUS,IND,334,5,50.0,6.68,,1,1
3918,WIN,ENG,288,6,50.0,5.76,,1,0
3918,ENG,WIN,294,1,38.0,7.73,289,2,1
3919,IND,AUS,243,3,42.5,5.67,243,2,1
3919,AUS,IND,242,9,50.0,4.84,,1,0
3922,SLK,PAK,209,8,50.0,4.18,293,2,0
3922,PAK,SLK,292,6,50.0,5.84,,1,1
3923,SOA,BAN,282,0,42.5,6.58,279,2,1
3923,BAN,SOA,278,7,50.0,5.56,,1,0
3924,SLK,PAK,187,10,48.0,3.89,220,2,0
3924,PAK,SLK,219,9,50.0,4.38,,1,1
3925,SOA,BAN,353,6,50.0,7.06,,1,1
3925,BAN,SOA,249,10,47.5,5.2,354,2,0
3926,SLK,PAK,208,10,48.2,4.3,,1,0
3926,PAK,SLK,209,3,42.3,4.91,209,2,1
3927,SLK,PAK,173,10,43.4,3.96,,1,0
3927,PAK,SLK,177,3,39.0,4.53,174,2,1
3928,NZL,IND,284,4,49.0,5.79,281,2,1
3928,IND,NZL,280,8,50.0,5.6,,1,0
3929,SOA,BAN,369,6,50.0,7.38,,1,1
3929,BAN,SOA,169,10,40.4,4.15,370,2,0
3930,SLK,PAK,103,10,26.2,3.91,,1,0
3930,PAK,SLK,105,1,20.2,5.16,104,2,1
3931,NZL,IND,230,9,50.0,4.6,,1,0
3931,IND,NZL,232,4,46.0,5.04,231,2,1
3932,NZL,IND,331,7,50.0,6.62,338,2,0
3932,IND,NZL,337,6,50.0,6.74,,1,1
3939,SLK,IND,114,3,20.4,5.51,113,2,1
3939,IND,SLK,112,10,38.2,2.92,,1,0
3941,SLK,IND,251,8,50.0,5.02,393,2,0
3941,IND,SLK,392,4,50.0,7.84,,1,1
3942,SLK,IND,215,10,44.5,4.79,,1,0
3942,IND,SLK,219,2,32.1,6.8,216,2,1
3943,WIN,NZL,248,9,50.0,4.96,,1,0
3943,NZL,WIN,249,5,46.0,5.41,249,2,1
3944,WIN,NZL,121,10,28.0,4.32,326,2,0
3944,NZL,WIN,325,6,50.0,6.5,,1,1
3945,WIN,NZL,99,9,23.0,4.3,166,2,0
3945,NZL,WIN,131,4,23.0,5.69,,1,1
3946,PAK,NZL,166,6,30.1,5.5,228,2,0
3946,NZL,PAK,315,7,50.0,6.3,,1,1
3947,PAK,NZL,246,9,50.0,4.92,,1,0
3947,NZL,PAK,151,2,23.5,6.33,151,2,1
3949,PAK,NZL,74,10,27.2,2.7,258,2,0
3949,NZL,PAK,257,10,50.0,5.14,,1,1
3951,ENG,AUS,308,5,48.5,6.3,305,2,1
3951,AUS,ENG,304,8,50.0,6.08,,1,0
3953,PAK,NZL,262,8,50.0,5.24,,1,0
3953,NZL,PAK,263,5,45.5,5.73,263,2,1
3957,PAK,NZL,256,10,49.0,5.22,272,2,0
3957,NZL,PAK,271,7,50.0,5.42,,1,1
3958,ENG,AUS,274,6,44.2,6.18,271,2,1
3958,AUS,ENG,270,9,50.0,5.4,,1,0
3959,SLK,BAN,157,10,32.2,4.85,321,2,0
3959,BAN,SLK,320,7,50.0,6.4,,1,1
3960,ENG,AUS,302,6,50.0,6.04,,1,1
3960,AUS,ENG,286,6,50.0,5.72,303,2,0
3965,SLK,BAN,83,0,11.5,7.01,83,2,1
3965,BAN,SLK,82,10,24.0,3.41,,1,0
3966,ENG,AUS,196,10,44.5,4.37,,1,0
3966,AUS,ENG,197,7,37.0,5.32,197,2,1
3967,SLK,BAN,221,10,50.0,4.42,,1,1
3967,BAN,SLK,142,10,41.1,3.44,222,2,0
3968,ENG,AUS,259,10,47.4,5.43,,1,1
3968,AUS,ENG,247,10,48.2,5.11,260,2,0
3969,SOA,IND,269,8,50.0,5.38,,1,0
3969,IND,SOA,270,4,45.3,5.93,270,2,1
3970,SOA,IND,118,10,32.2,3.64,,1,0
3970,IND,SOA,119,1,20.3,5.8,119,2,1
3971,SOA,IND,179,10,40.0,4.47,304,2,0
3971,IND,SOA,303,6,50.0,6.06,,1,1
3973,SOA,IND,207,5,25.3,8.11,202,2,1
3973,IND,SOA,289,7,50.0,5.78,,1,0
3976,SOA,IND,201,10,42.2,4.74,275,2,0
3976,IND,SOA,274,7,50.0,5.48,,1,1
3978,SOA,IND,204,10,46.5,4.35,,1,0
3978,IND,SOA,206,2,32.1,6.4,205,2,1
3980,NZL,ENG,287,7,49.2,5.81,285,2,1
3980,ENG,NZL,284,8,50.0,5.68,,1,0
3981,NZL,ENG,223,10,49.4,4.48,,1,0
3981,ENG,NZL,225,4,37.5,5.94,224,2,1
3982,NZL,ENG,230,8,50.0,4.6,235,2,0
3982,ENG,NZL,234,10,50.0,4.68,,1,1
3989,NZL,ENG,339,5,49.3,6.84,336,2,1
3989,ENG,NZL,335,9,50.0,6.7,,1,0
3992,NZL,ENG,223,10,49.5,4.47,,1,0
3992,ENG,NZL,229,3,32.4,7.01,224,2,1
3997,WIN,AFG,197,8,50.0,3.94,,1,0
3997,AFG,WIN,198,7,47.4,4.15,198,2,1
4007,WIN,AFG,204,10,46.5,4.35,,1,0
4007,AFG,WIN,206,3,40.4,5.06,205,2,1
4009,ENG,AUS,218,7,44.0,4.95,215,2,1
4009,AUS,ENG,214,10,47.0,4.55,,1,0
4010,ENG,AUS,342,8,50.0,6.84,,1,1
4010,AUS,ENG,304,10,47.1,6.44,343,2,0
4011,ENG,AUS,481,6,50.0,9.62,,1,1
4011,AUS,ENG,239,10,37.0,6.45,482,2,0
4012,ENG,AUS,314,4,44.4,7.02,311,2,1
4012,AUS,ENG,310,8,50.0,6.2,,1,0
4013,ENG,AUS,208,9,48.3,4.28,206,2,1
4013,AUS,ENG,205,10,34.4,5.91,,1,0
4014,IND,ENG,269,2,40.1,6.69,269,2,1
4014,ENG,IND,268,10,49.5,5.37,,1,0
4016,IND,ENG,236,10,50.0,4.72,323,2,0
4016,ENG,IND,322,7,50.0,6.44,,1,1
4018,IND,ENG,256,8,50.0,5.12,,1,0
4018,ENG,IND,260,2,44.3,5.84,257,2,1
4022,WIN,BAN,231,9,50.0,4.62,280,2,0
4022,BAN,WIN,279,4,50.0,5.58,,1,1
4023,WIN,BAN,271,10,49.3,5.47,,1,1
4023,BAN,WIN,268,6,50.0,5.36,272,2,0
4024,WIN,BAN,283,6,50.0,5.66,302,2,0
4024,BAN,WIN,301,6,50.0,6.02,,1,1
4025,SLK,SOA,193,10,34.3,5.59,,1,0
4025,SOA,SLK,196,5,31.0,6.32,194,2,1
4027,SLK,SOA,244,8,50.0,4.88,,1,0
4027,SOA,SLK,246,6,42.5,5.74,245,2,1
4029,SLK,SOA,285,10,45.2,6.28,364,2,0
4029,SOA,SLK,363,7,50.0,7.26,,1,1
4030,SLK,SOA,306,7,39.0,7.84,,1,1
4030,SOA,SLK,187,9,21.0,8.9,191,2,0
4031,SLK,SOA,299,8,50.0,5.98,,1,1
4031,SOA,SLK,121,10,24.4,4.9,300,2,0
4036,SLK,BAN,124,10,35.2,3.5,262,2,0
4036,BAN,SLK,261,10,49.3,5.27,,1,1
4038,SLK,AFG,158,10,41.2,3.82,250,2,0
4038,AFG,SLK,249,10,50.0,4.98,,1,1
4040,PAK,IND,162,10,43.1,3.75,,1,0
4040,IND,PAK,164,2,29.0,5.65,163,2,1
4041,BAN,AFG,119,10,42.1,2.82,256,2,0
4041,AFG,BAN,255,7,50.0,5.1,,1,1
4042,IND,BAN,174,3,36.2,4.78,174,2,1
4042,BAN,IND,173,10,49.1,3.51,,1,0
4043,PAK,AFG,258,7,49.3,5.21,258,2,1
4043,AFG,PAK,257,6,50.0,5.14,,1,0
4044,PAK,IND,237,7,50.0,4.74,,1,0
4044,IND,PAK,238,1,39.3,6.02,238,2,1
4045,BAN,AFG,249,7,50.0,4.98,,1,1
4045,AFG,BAN,246,7,50.0,4.92,250,2,0
4047,PAK,BAN,202,9,50.0,4.04,240,2,0
4047,BAN,PAK,239,10,48.5,4.89,,1,1
4048,IND,BAN,223,7,50.0,4.46,223,2,1
4048,BAN,IND,222,10,48.3,4.57,,1,0
4053,SLK,ENG,140,5,29.0,4.82,172,2,0
4053,ENG,SLK,278,9,50.0,5.56,,1,1
4054,SLK,ENG,150,9,21.0,7.14,,1,0
4054,ENG,SLK,153,3,18.3,8.27,151,2,1
4055,SLK,ENG,273,7,50.0,5.46,,1,0
4055,ENG,SLK,132,2,27.0,4.88,115,2,1
4056,WIN,IND,322,8,50.0,6.44,,1,0
4056,IND,WIN,326,2,42.1,7.73,323,2,1
4058,SLK,ENG,366,6,50.0,7.32,,1,1
4058,ENG,SLK,132,9,26.1,5.04,352,2,0
4062,WIN,IND,283,9,50.0,5.66,,1,1
4062,IND,WIN,240,10,47.4,5.03,284,2,0
4063,WIN,IND,153,10,36.2,4.21,378,2,0
4063,IND,WIN,377,5,50.0,7.54,,1,1
4064,WIN,IND,104,10,31.5,3.26,,1,0
4064,IND,WIN,105,1,14.5,7.07,105,2,1
4065,SOA,AUS,153,4,29.2,5.21,153,2,1
4065,AUS,SOA,152,10,38.1,3.98,,1,0
4066,PAK,NZL,219,10,47.2,4.62,267,2,0
4066,NZL,PAK,266,9,50.0,5.32,,1,1
4067,SOA,AUS,224,9,50.0,4.48,232,2,0
4067,AUS,SOA,231,10,48.3,4.76,,1,1
4068,PAK,NZL,212,4,40.3,5.23,210,2,1
4068,NZL,PAK,209,9,50.0,4.18,,1,0
4069,SOA,AUS,320,5,50.0,6.4,,1,1
4069,AUS,SOA,280,9,50.0,5.6,321,2,0
4071,WIN,BAN,195,9,50.0,3.9,,1,0
4071,BAN,WIN,196,5,35.1,5.57,196,2,1
4072,WIN,BAN,256,6,49.4,5.15,256,2,1
4072,BAN,WIN,255,7,50.0,5.1,,1,0
4073,WIN,BAN,198,9,50.0,3.96,,1,0
4073,BAN,WIN,202,2,38.3,5.24,199,2,1
4074,SLK,NZL,326,10,49.0,6.65,372,2,0
4074,NZL,SLK,371,7,50.0,7.42,,1,1
4075,SLK,NZL,298,10,46.2,6.43,320,2,0
4075,NZL,SLK,319,7,50.0,6.38,,1,1
4076,SLK,NZL,249,10,41.4,5.97,365,2,0
4076,NZL,SLK,364,4,50.0,7.28,,1,1
4077,IND,AUS,254,9,50.0,5.08,289,2,0
4077,AUS,IND,288,5,50.0,5.76,,1,1
4078,IND,AUS,299,4,49.2,6.06,299,2,1
4078,AUS,IND,298,9,50.0,5.96,,1,0
4079,IND,AUS,234,3,49.2,4.74,231,2,1
4079,AUS,IND,230,10,48.4,4.72,,1,0
4080,SOA,PAK,266,2,50.0,5.32,,1,0
4080,PAK,SOA,267,5,49.1,5.43,267,2,1
4081,SOA,PAK,207,5,42.0,4.92,204,2,1
4081,PAK,SOA,203,10,45.5,4.42,,1,0
4082,NZL,IND,157,10,38.0,4.13,,1,0
4082,IND,NZL,156,2,34.5,4.47,156,2,1
4084,SOA,PAK,187,2,33.0,5.66,175,2,1
4084,PAK,SOA,317,6,50.0,6.34,,1,0
4085,NZL,IND,234,10,40.2,5.8,325,2,0
4085,IND,NZL,324,4,50.0,6.48,,1,1
4087,SOA,PAK,164,10,41.0,4.0,,1,0
4087,PAK,SOA,168,2,31.3,5.33,165,2,1
4088,NZL,IND,243,10,49.0,4.95,,1,0
4088,IND,NZL,245,3,43.0,5.69,244,2,1
4090,SOA,PAK,241,3,40.0,6.02,241,2,1
4090,PAK,SOA,240,8,50.0,4.8,,1,0
4091,NZL,IND,93,2,14.4,6.34,93,2,1
4091,IND,NZL,92,10,30.5,2.98,,1,0
4092,NZL,IND,217,10,44.1,4.91,253,2,0
4092,IND,NZL,252,10,49.5,5.05,,1,1
4093,NZL,BAN,233,2,44.3,5.23,233,2,1
4093,BAN,NZL,232,10,48.5,4.75,,1,0
4094,NZL,BAN,229,2,36.1,6.33,227,2,1
4094,BAN,NZL,226,10,49.4,4.55,,1,0
4095,NZL,BAN,330,6,50.0,6.6,,1,1
4095,BAN,NZL,242,10,47.2,5.11,331,2,0
4096,WIN,ENG,360,8,50.0,7.2,,1,0
4096,ENG,WIN,364,4,48.4,7.47,361,2,1
4097,WIN,ENG,289,6,50.0,5.78,,1,1
4097,ENG,WIN,263,10,47.4,5.51,290,2,0
4099,WIN,ENG,389,10,48.0,8.1,419,2,0
4099,ENG,WIN,418,6,50.0,8.36,,1,1
4102,IND,AUS,240,4,48.2,4.96,237,2,1
4102,AUS,IND,236,7,50.0,4.72,,1,0
4103,WIN,ENG,115,3,12.1,9.45,114,2,1
4103,ENG,WIN,113,10,28.1,4.01,,1,0
4104,SLK,SOA,231,10,47.0,4.91,,1,0
4104,SOA,SLK,232,2,38.5,5.97,232,2,1
4106,IND,AUS,250,10,48.2,5.17,,1,1
4106,AUS,IND,242,10,49.3,4.88,251,2,0
4107,SLK,SOA,138,10,32.2,4.26,252,2,0
4107,SOA,SLK,251,10,45.1,5.55,,1,1
4109,IND,AUS,281,10,48.2,5.81,314,2,0
4109,AUS,IND,313,5,50.0,6.26,,1,1
4111,IND,AUS,358,9,50.0,7.16,,1,0
4111,AUS,IND,359,6,47.5,7.5,359,2,1
4112,SLK,SOA,121,5,24.0,5.04,193,2,0
4112,SOA,SLK,331,5,50.0,6.62,,1,1
4113,IND,AUS,237,10,50.0,4.74,273,2,0
4113,AUS,IND,272,9,50.0,5.44,,1,1
4114,SLK,SOA,189,10,39.2,4.8,,1,0
4114,SOA,SLK,190,4,32.5,5.78,190,2,1
4115,SLK,SOA,225,10,49.3,4.54,,1,0
4115,SOA,SLK,135,2,28.0,4.82,95,2,1
4116,PAK,AUS,280,5,50.0,5.6,,1,0
4116,AUS,PAK,281,2,49.0,5.73,281,2,1
4117,PAK,AUS,284,7,50.0,5.68,,1,0
4117,AUS,PAK,285,2,47.5,5.95,285,2,1
4118,PAK,AUS,186,10,44.4,4.16,267,2,0
4118,AUS,PAK,266,6,50.0,5.32,,1,1
4119,PAK,AUS,271,8,50.0,5.42,278,2,0
4119,AUS,PAK,277,7,50.0,5.54,,1,1
4120,PAK,AUS,307,7,50.0,6.14,328,2,0
4120,AUS,PAK,327,7,50.0,6.54,,1,1
4129,WIN,BAN,261,9,50.0,5.22,,1,0
4129,BAN,WIN,264,2,45.0,5.86,262,2,1
4133,PAK,ENG,361,7,50.0,7.22,374,2,0
4133,ENG,PAK,373,3,50.0,7.46,,1,1
4134,WIN,BAN,247,9,50.0,4.94,,1,0
4134,BAN,WIN,248,5,47.2,5.23,248,2,1
4135,PAK,ENG,358,9,50.0,7.16,,1,0
4135,ENG,PAK,359,4,44.5,8.0,359,2,1
4137,WIN,BAN,152,1,24.0,6.33,,1,0
4137,BAN,WIN,213,5,22.5,9.32,210,2,1
4138,PAK,ENG,340,7,50.0,6.8,,1,0
4138,ENG,PAK,341,7,49.3,6.88,341,2,1
